origin,region,year,est_median,est_lo80,est_hi80,est_lo95,est_hi95,true_approx
Afghanistan,South Asia,2015,757.2664555185088,561.7590613860391,962.3904484744081,510.7043203403239,1059.475432368325,60.0
Afghanistan,South Asia,2016,724.8412816348282,545.0516862632546,924.9654898719456,486.5933516874458,1007.7640530596124,61.2
Afghanistan,South Asia,2017,760.0713792165848,564.4383937066052,967.0668584944876,506.40384433796356,1061.529329907789,62.424
Afghanistan,South Asia,2018,784.9741710511136,591.0528304277624,1005.3954132492266,525.1974105414733,1106.9349362309742,63.67248000000001
Afghanistan,South Asia,2019,817.8015312982941,614.8995246932553,1041.2792532890933,549.3488404607123,1139.040029264464,64.9459296
Afghanistan,South Asia,2020,804.9760180609977,602.5327499839942,1030.6919391607023,538.0221693364178,1124.6200101595186,66.244848192
Afghanistan,South Asia,2021,806.6301344544017,603.6135249962002,1031.183565161444,539.9658475931649,1131.8702676881105,67.56974515584001
Afghanistan,South Asia,2022,820.2557821529524,613.526062093937,1043.4514945134497,549.1994131871857,1136.0480844668023,68.92114005895681
Afghanistan,South Asia,2023,881.8079423418517,662.6771280604455,1124.961367429865,584.542304631624,1234.701707929997,70.29956286013595
Afghanistan,South Asia,2024,881.4617132147564,658.5290418239551,1124.6795432341307,581.83368138462,1237.2586469155,71.70555411733866
Australia,Americas & Oceania,2015,157.9618366180228,117.19145631296321,202.82691281461277,104.46457781915343,223.99419583290899,15.0
Australia,Americas & Oceania,2016,160.11656589558822,119.343157597543,202.94958761629164,107.5375932583617,225.0083362561175,15.15
Australia,Americas & Oceania,2017,168.17955563456445,126.5128686898178,214.11457288991602,112.31432151253182,233.8333078853969,15.3015
Australia,Americas & Oceania,2018,171.79111645773844,128.38152514163815,221.0498754880477,115.07627433598296,243.04646402744297,15.454515000000002
Australia,Americas & Oceania,2019,169.98753422978413,127.87526908700973,216.87118145881618,113.76555930945634,237.21397810871437,15.609060150000001
Australia,Americas & Oceania,2020,162.258249951736,120.89971967790635,207.36684543892736,106.69931850084583,230.21592769501598,15.765150751500002
Australia,Americas & Oceania,2021,164.87191345928403,123.97792540932404,210.22768133529843,108.98691779224457,231.5680094616745,15.922802259015002
Australia,Americas & Oceania,2022,174.6462946966023,131.46823873439914,221.69700367222129,116.90625936842649,243.80052561970072,16.08203028160515
Australia,Americas & Oceania,2023,177.21291248480065,133.446281666283,225.60514854544812,118.08286445365432,246.69426135228449,16.242850584421202
Australia,Americas & Oceania,2024,174.02061399396044,130.25491041603055,220.82562259114866,116.26629190312029,244.19588646855408,16.405279090265413
Bangladesh,South Asia,2015,7271.27814110414,5432.3734549978035,9281.437231846385,4824.873111004526,10182.521472321409,600.0
Bangladesh,South Asia,2016,7161.640506861313,5418.0322740856855,9156.59515056704,4764.547200971727,10014.912394953784,624.0
Bangladesh,South Asia,2017,7057.410797776563,5265.713950696072,8934.884798384839,4676.423920845289,9918.986749253101,648.96
Bangladesh,South Asia,2018,7064.949666693096,5306.5188824046545,8933.87014487392,4695.778106243763,9870.189730107224,674.9184
Bangladesh,South Asia,2019,7311.260005867699,5487.314154267288,9377.806013007243,4872.409575242005,10209.37837855213,701.9151360000001
Bangladesh,South Asia,2020,7604.330373564091,5711.16121585467,9760.106388647426,5169.314145773271,10582.049091464163,729.99174144
Bangladesh,South Asia,2021,7991.098509656744,5987.070537921003,10111.127180468886,5368.898241998105,11132.163040092219,759.1914110976002
Bangladesh,South Asia,2022,8572.506998138211,6396.9331127074765,10896.05709080301,5698.555005353314,11856.284647266155,789.5590675415042
Bangladesh,South Asia,2023,8583.465876149152,6359.89762399023,10934.124489999402,5715.213098560189,12103.8211857031,821.1414302431643
Bangladesh,South Asia,2024,7861.718929404757,5888.637287280575,10098.275515123696,5199.815418249008,11126.453375032137,853.9870874528909
Brazil,Americas & Oceania,2015,99.04515662110914,73.9377194875245,126.02058068000173,64.7672023861296,137.83666344899615,10.0
Brazil,Americas & Oceania,2016,100.13703968125432,74.43812173568709,127.54268031963699,66.66846646862564,140.33176822726656,10.3
Brazil,Americas & Oceania,2017,107.32075808429065,79.8008104749215,135.8561374004821,71.8094989536024,148.98765465339628,10.609
Brazil,Americas & Oceania,2018,117.41838178160157,86.78598607335564,148.9883930497642,77.00095881675789,164.8127915858475,10.92727
Brazil,Americas & Oceania,2019,129.68586238612914,96.51512575397922,165.9716161143287,86.4912001370609,181.50737276227193,11.255088100000002
Brazil,Americas & Oceania,2020,123.19191059663387,92.68041949660555,157.9041223049548,82.37028884662034,173.9213852019034,11.592740743
Brazil,Americas & Oceania,2021,126.72015110286037,93.90797785479596,163.89771928250698,84.59309445201946,178.32720058817176,11.94052296529
Brazil,Americas & Oceania,2022,130.81466925848787,97.58856077493886,167.4428897144822,86.50317501316557,182.16777155044818,12.298738654248702
Brazil,Americas & Oceania,2023,132.8366127848966,99.40248421143902,169.7849200863134,87.20830903667904,185.3953241871908,12.667700813876163
Brazil,Americas & Oceania,2024,127.09662425147854,95.27863937392901,162.83979842933581,84.54522061614904,182.43611983741172,13.04773183829245
Cameroon,Sub-Saharan Africa,2015,50.863838955277934,37.73898274988988,64.29572612030823,33.07689031433458,71.72899931291622,5.0
Cameroon,Sub-Saharan Africa,2016,56.540646631130144,42.42813065204514,72.00022973166536,37.06232572439604,78.2465128958796,5.1
Cameroon,Sub-Saharan Africa,2017,52.54018685765763,39.50681753961364,66.626005842586,34.461335014736804,72.4983249585459,5.202
Cameroon,Sub-Saharan Africa,2018,53.79936654938464,40.58001839524925,68.0417336094772,35.9108789806386,74.99010938167258,5.306040000000001
Cameroon,Sub-Saharan Africa,2019,54.81961085456304,41.1654366835199,69.56430307367906,36.58903204457394,76.26184771570496,5.4121608
Cameroon,Sub-Saharan Africa,2020,52.268467931304485,39.19993602983877,66.15821127391268,34.85033543777674,72.23032685707886,5.5204040160000005
Cameroon,Sub-Saharan Africa,2021,56.081461454827796,42.030203201211506,71.44625785937552,37.25265391230582,77.74722049598132,5.630812096320001
Cameroon,Sub-Saharan Africa,2022,59.10640830223839,44.479151341021854,75.22342565091876,39.71231893488822,82.79581725271518,5.7434283382464
Cameroon,Sub-Saharan Africa,2023,61.85042394055898,46.57536176049019,79.35686561427876,40.82988713327203,86.87466441995096,5.858296905011329
Cameroon,Sub-Saharan Africa,2024,68.50433202304248,51.485152109818,87.91842240779438,45.92095620516936,96.37554565681765,5.975462843111555
Canada,Americas & Oceania,2015,252.30659133871887,187.03380851412626,325.75994589567813,166.88889691504824,359.6973705453773,25.0
Canada,Americas & Oceania,2016,253.678386845288,190.6318372793971,325.64842369791666,168.0055670328195,353.03136962281525,25.5
Canada,Americas & Oceania,2017,276.31405410131174,206.49285593084662,351.453489961889,182.0272814293142,381.1894676155553,26.009999999999998
Canada,Americas & Oceania,2018,288.06036907624355,213.35826089293582,367.2819173515838,190.4053279079041,402.8744171509748,26.530200000000004
Canada,Americas & Oceania,2019,319.99185320256686,239.07641706483435,410.1337961032527,211.2383398430473,446.7588620699285,27.060804
Canada,Americas & Oceania,2020,327.899311364327,245.14460433461832,420.2909412272399,218.73767479930953,454.99465711235854,27.60202008
Canada,Americas & Oceania,2021,324.18958878815397,241.90992249686227,414.1970189579278,214.90546085541,456.22270950714784,28.154060481600002
Canada,Americas & Oceania,2022,317.19558697401294,236.4007927714491,405.79518700891987,210.55459314201005,444.0635816995686,28.717141691232
Canada,Americas & Oceania,2023,314.9066414338914,234.42101661811637,403.82992940366677,211.43424874922093,442.9654035899411,29.291484525056642
Canada,Americas & Oceania,2024,302.98214801299264,228.3455429305691,390.62186894244473,202.72653809627909,429.7171512645462,29.877314215557778
China,East Asia,2015,1861.1416995216516,1388.7349022320075,2360.7794129050635,1239.691259506836,2631.5128028577537,150.0
China,East Asia,2016,1994.0009167137628,1489.9695911948627,2535.468506049686,1313.4624753332268,2765.4771828455964,157.5
China,East Asia,2017,2024.9177853040135,1504.312020113889,2591.4748898836683,1342.0786653891919,2883.135229696965,165.375
China,East Asia,2018,2102.0298335711163,1562.7905343448601,2682.9716107038466,1389.8018335331046,2977.9890101164747,173.64375
China,East Asia,2019,2296.0680753576084,1711.9532779181468,2923.3709989542504,1533.419731783969,3221.207726343405,182.32593750000004
China,East Asia,2020,2463.859877703275,1831.62167796747,3130.6463084453176,1634.1305918398575,3436.519387444775,191.44223437500006
China,East Asia,2021,2473.897836435566,1853.7001619869022,3169.647623216382,1640.617016095638,3483.973947933609,201.01434609375005
China,East Asia,2022,2608.366596206887,1960.4494074361983,3354.1599794411577,1733.7991962801163,3663.9435836415378,211.06506339843756
China,East Asia,2023,2570.734788674221,1933.2136765429475,3306.1346840977776,1705.0140216853933,3646.959918552815,221.61831656835946
China,East Asia,2024,2713.688543629589,2010.2347864356486,3465.949741865243,1791.8169387632097,3845.825140011074,232.69923239677743
Egypt,Arab World,2015,3086.7657803289676,2281.7994665816054,3947.0177439248255,2040.5067860078593,4434.86275837689,300.0
Egypt,Arab World,2016,3082.5149982535822,2272.306325647292,3905.2156501477352,2032.8830260877571,4345.6329611415385,306.0
Egypt,Arab World,2017,3030.2347380798174,2234.7829638380836,3860.8602815776185,2007.9475682870261,4275.249668536378,312.12
Egypt,Arab World,2018,3160.033286130658,2342.329007551459,4015.3513548554765,2092.814266861256,4400.675661781693,318.36240000000004
Egypt,Arab World,2019,3199.952020278905,2379.5887800946803,4037.671658705842,2126.7480768992104,4484.168966231025,324.729648
Egypt,Arab World,2020,3368.3727304929707,2532.2387174070795,4290.0846056965265,2247.019164330871,4751.012092977392,331.22424096000003
Egypt,Arab World,2021,3475.280580241236,2604.4432190207763,4437.978821493098,2310.737989531294,4879.144592386848,337.84872577920004
Egypt,Arab World,2022,3493.444671316817,2625.94199095858,4439.0226784570095,2336.5874138766044,4876.435453436581,344.605700294784
Egypt,Arab World,2023,3491.1447314281068,2613.5631106218975,4427.914166515679,2285.524291797276,4852.224268821906,351.49781430067975
Egypt,Arab World,2024,3431.3410556115177,2555.8417766441776,4417.5583524213425,2275.75535677017,4813.869148082796,358.5277705866933
Ethiopia,Sub-Saharan Africa,2015,487.0155972251921,357.20921358400705,615.4659331230303,321.4406942975701,680.4536989697723,50.0
Ethiopia,Sub-Saharan Africa,2016,552.2226833631917,409.3682258222628,697.0915617131111,367.9222768832353,768.7905903166671,52.5
Ethiopia,Sub-Saharan Africa,2017,550.3193450715182,409.2796504423898,694.6188198770911,367.67589957302334,769.0423880594722,55.125
Ethiopia,Sub-Saharan Africa,2018,575.6069640551461,430.5746042860055,727.3644871889794,383.49609521359884,812.3403597550646,57.88125000000001
Ethiopia,Sub-Saharan Africa,2019,601.198007248622,446.7181450914625,760.0714610230852,401.8882125591324,840.8484250582987,60.77531250000001
Ethiopia,Sub-Saharan Africa,2020,600.9797950536863,451.71630108832875,771.7219968799341,397.34164648066604,842.3133174172646,63.814078125000016
Ethiopia,Sub-Saharan Africa,2021,703.7588642045253,529.2237614288686,896.7802401845181,464.7306077666616,982.2579268284187,67.00478203125002
Ethiopia,Sub-Saharan Africa,2022,733.8032677103711,549.3187204015743,938.7140432078802,487.4557225417622,1016.2615821990115,70.35502113281252
Ethiopia,Sub-Saharan Africa,2023,763.1405818934395,569.5109826636541,981.2493886799356,506.97361873572305,1073.8437897036902,73.87277218945314
Ethiopia,Sub-Saharan Africa,2024,743.8867562750845,549.8406250893568,960.0121536133189,493.8694405114102,1052.1281303957087,77.56641079892582
France,Europe,2015,267.806999537187,199.3423498141995,341.49649944156243,178.5419473338518,381.9405745695335,25.0
France,Europe,2016,272.5681162224877,202.69758836254707,349.88744951101694,182.6370632551195,384.5475745083987,25.5
France,Europe,2017,285.7002829622579,215.20492771358266,363.13510002344964,190.38706767859668,393.8480075309861,26.009999999999998
France,Europe,2018,299.19269495959634,222.98851032003364,377.02945071214833,197.1878207197103,412.9197430499278,26.530200000000004
France,Europe,2019,301.9604479982754,226.21674014075887,383.1091180270695,199.01140831572266,417.1219919673168,27.060804
France,Europe,2020,302.613031858462,228.16948243843888,383.6510487619827,202.22857988917914,418.7940261793721,27.60202008
France,Europe,2021,330.43479710427647,247.5050230679616,419.14174676960505,219.64147249820118,458.97471777450727,28.154060481600002
France,Europe,2022,320.0025705845237,239.81230465238224,403.8065553262471,213.23072546833447,448.61918143385594,28.717141691232
France,Europe,2023,320.44528492179654,239.93137607633219,406.5393649345892,211.18601626433625,447.88018115997346,29.291484525056642
France,Europe,2024,319.1436549914441,237.1178361604478,408.0888611615115,208.66793165387247,453.18892430846523,29.877314215557778
Germany,Europe,2015,331.0396929480472,250.2429303643681,425.77696752950106,221.23105622335808,471.8513618965446,30.0
Germany,Europe,2016,324.7288125675575,243.37801338249545,414.02585537668074,216.6158625982988,455.9140881136236,30.6
Germany,Europe,2017,344.5768780110274,258.4701087070739,438.00927560564287,228.97447300239352,481.56359056144765,31.212
Germany,Europe,2018,348.52497672221944,260.1727513009206,444.03364750115577,232.5742514704416,496.5007465269216,31.836240000000004
Germany,Europe,2019,395.16341864659125,296.66087865239325,505.9836491860602,262.0969726526116,552.0710619394388,32.4729648
Germany,Europe,2020,398.0179359849594,301.6478254470924,508.9267292567048,267.12388744023116,560.3260543604205,33.122424096
Germany,Europe,2021,383.6500213696277,288.83257682511965,491.87136375732376,254.8933546085537,543.1230496616727,33.784872577920005
Germany,Europe,2022,392.94651101921824,294.0351537124587,499.0385972742228,262.4487866536367,549.5934261240653,34.460570029478404
Germany,Europe,2023,370.4863128695789,276.92320609707014,471.39261768884757,247.10738621897065,520.2523985750316,35.149781430067975
Germany,Europe,2024,359.62481010666943,266.53353228389193,456.3792208605709,238.51766775925,511.98196634592784,35.85277705866933
Ghana,Sub-Saharan Africa,2015,102.17170189550978,75.25400661910518,130.0581656212947,67.43884369186594,141.77190408037106,10.0
Ghana,Sub-Saharan Africa,2016,115.70337111394744,86.48842689319623,147.40073377796801,77.03052074836265,161.58471488343233,10.3
Ghana,Sub-Saharan Africa,2017,110.92015879317086,82.82181896051678,140.32737612913502,73.5117113139441,154.3577029627217,10.609
Ghana,Sub-Saharan Africa,2018,121.03092937960417,91.3771894803145,153.42605500849763,80.8686050438546,170.0686665172725,10.92727
Ghana,Sub-Saharan Africa,2019,111.49229398116867,83.43518877327675,140.9210452005984,74.27654275536635,154.55747209714312,11.255088100000002
Ghana,Sub-Saharan Africa,2020,115.04007566290048,86.62429010372625,145.2310513069038,76.44151850655174,161.515424950001,11.592740743
Ghana,Sub-Saharan Africa,2021,129.97045973830504,98.31295956385755,166.23283138512897,87.56253468042325,182.5611252900769,11.94052296529
Ghana,Sub-Saharan Africa,2022,131.27975190757758,98.31951661067924,167.00057541446998,86.92163726156328,185.83972897882646,12.298738654248702
Ghana,Sub-Saharan Africa,2023,142.21281208132126,106.67629803876747,180.1273007196556,95.25557340727607,198.57678034063576,12.667700813876163
Ghana,Sub-Saharan Africa,2024,136.17762282142374,102.692066130771,175.65850880376854,90.9335054838161,194.86736707457442,13.04773183829245
Hong Kong,East Asia,2015,49.61298593940972,36.89418798239384,62.80707079306843,33.00239559491137,69.39380873651224,5.0
Hong Kong,East Asia,2016,49.18483425075354,36.62088984274377,62.41667856174352,32.786746394442716,68.50635157499714,5.05
Hong Kong,East Asia,2017,51.36163973849457,37.97600752774069,64.99596982276238,34.34818870388857,71.26565679435473,5.1005
Hong Kong,East Asia,2018,56.44102396453383,42.10864483275372,71.38667744013648,37.7781462404548,78.93579914161405,5.151505
Hong Kong,East Asia,2019,56.16172982738634,42.19478369790584,71.42989559361007,37.5316479768425,78.56344279713967,5.20302005
Hong Kong,East Asia,2020,56.358187447229405,42.128071997447485,71.59597922234781,37.78495466250091,79.12552856036903,5.255050250500001
Hong Kong,East Asia,2021,60.056549772266536,45.127125609771824,76.76899402784292,40.160560035313054,84.25637017672959,5.3076007530050004
Hong Kong,East Asia,2022,64.27743897012138,48.1497076294669,81.9013895059713,43.083933529015795,90.03872668684677,5.36067676053505
Hong Kong,East Asia,2023,63.41990166762337,47.782791582806965,81.40524635738701,42.66408488501938,88.69279994720368,5.414283528140401
Hong Kong,East Asia,2024,62.52767610199016,46.74468327493465,79.82076642231735,41.12087900054973,88.02002262145416,5.468426363421805
India,South Asia,2015,35390.79581627828,26460.78619311134,45514.8736131623,23481.64952785461,50725.52387071208,2900.0
India,South Asia,2016,35786.714570411306,26967.555208814552,45451.23731252981,24018.966133351463,50447.94239863379,2987.0
India,South Asia,2017,37193.13548663467,27652.290415127864,47045.2379657417,24691.577358230847,51591.45449970166,3076.6099999999997
India,South Asia,2018,40003.64838082078,29956.42256500895,50501.616548451355,26908.067989600535,55837.37190777324,3168.9083
India,South Asia,2019,41456.85332262717,31113.36413940596,52475.59765833071,27594.786550418394,58178.4503074154,3263.9755490000002
India,South Asia,2020,42170.381474158996,31313.57313449857,53471.00643937768,28323.26155467049,58156.681613367524,3361.89481547
India,South Asia,2021,43512.09189795432,32746.282762256484,55400.308249909125,29086.292251571595,61462.57210333839,3462.7516599341
India,South Asia,2022,44231.83454545093,32845.540401580736,56132.316500414476,29623.71455377745,62432.88091015818,3566.6342097321235
India,South Asia,2023,45607.51995737036,34207.350307096196,57913.10271749437,30651.946959491306,63447.54175081152,3673.6332360240876
India,South Asia,2024,46524.54675694831,35073.1315321904,59643.554054027045,30955.65324665861,66432.432153933,3783.84223310481
Indonesia,Southeast Asia,2015,885.1128493669468,652.4863262826008,1127.6130490253693,584.5410873067369,1250.8918911962207,80.0
Indonesia,Southeast Asia,2016,939.7602299297689,703.6455444449209,1192.9117566899693,626.9548225384295,1314.8857333288965,81.6
Indonesia,Southeast Asia,2017,862.8330302126656,648.602818326552,1101.0558084054514,575.7646423666562,1202.7811047334462,83.232
Indonesia,Southeast Asia,2018,913.9839553742332,684.933206793258,1163.5382700751861,607.6897501276627,1269.9106800716868,84.89664000000002
Indonesia,Southeast Asia,2019,1002.0832730188954,741.9183935781124,1260.8077232097185,657.0720750437149,1404.1817172165784,86.5945728
Indonesia,Southeast Asia,2020,942.3673674862753,699.5724277908148,1201.9922808205201,630.9479809029759,1320.239055654141,88.32646425600001
Indonesia,Southeast Asia,2021,965.1335199815433,720.8655664500592,1233.4144854437436,638.2486606558527,1349.675397196228,90.09299354112001
Indonesia,Southeast Asia,2022,959.7696850764783,721.6439183542914,1224.823338742626,640.3525872068548,1347.6228239688762,91.8948534119424
Indonesia,Southeast Asia,2023,981.7426321225951,732.7973142509273,1248.929017688002,647.8066918732411,1379.4840049830996,93.73275048018127
Indonesia,Southeast Asia,2024,995.3700928131666,736.5025149512743,1271.4968694817537,660.2094835868851,1393.066725509467,95.60740548978488
Iraq,Arab World,2015,549.7023137020931,414.8986699762517,704.2084049731899,367.22444430521557,782.290326530249,45.0
Iraq,Arab World,2016,529.6667983763007,396.9523442649252,673.9053104918688,349.8182475059234,736.7579658953714,45.9
Iraq,Arab World,2017,531.4328714174802,397.43107479803064,666.8279571293637,352.2663615290459,734.7551926748085,46.818
Iraq,Arab World,2018,533.9958831213953,396.04997437860527,672.294812906838,354.51182715079335,744.7212101251491,47.754360000000005
Iraq,Arab World,2019,569.6693632384486,422.71591076900023,717.1849486651172,380.68752494974103,788.1770452721767,48.7094472
Iraq,Arab World,2020,572.669590732316,425.6360276143688,730.9596099557475,380.3618631731175,801.7272664785785,49.683636144
Iraq,Arab World,2021,594.5178227059814,443.38719466889296,753.0202071360648,393.5982993605322,830.1186145314699,50.677308866880004
Iraq,Arab World,2022,605.2943168341493,453.51659882458586,774.039184856496,404.2323342706315,852.7559341131524,51.6908550442176
Iraq,Arab World,2023,634.5266095433858,473.3834417048628,806.4862467169531,423.00665991529206,884.8068233196038,52.724672145101955
Iraq,Arab World,2024,666.8083606566659,501.3550848265515,860.9854316116304,440.875612683325,945.5244115171508,53.779165588004
Italy,Europe,2015,150.50715039036703,111.9889449178444,192.3247603576752,98.30231395620898,213.10581124897473,15.0
Italy,Europe,2016,171.3248474505677,128.02645014620825,217.402266665624,112.94605033555295,236.7550420095908,15.15
Italy,Europe,2017,164.99890383503327,123.34745920133865,208.57318242523868,108.84298713791165,231.1060846888475,15.3015
Italy,Europe,2018,167.4861583331405,125.29938958500765,213.45290444135412,111.23744713284088,233.1298025014474,15.454515000000002
Italy,Europe,2019,175.23762190202692,130.63575928082108,221.43023506852407,115.1466869348601,246.19592108327817,15.609060150000001
Italy,Europe,2020,184.25717306654602,138.02362994637562,233.63318095800557,123.21265495059853,255.38741536003585,15.765150751500002
Italy,Europe,2021,189.69427546974134,141.88626536195522,238.6376664777899,126.17054015921276,265.1610562963425,15.922802259015002
Italy,Europe,2022,187.2183009573909,141.07478249045772,238.99651099028586,124.93895209021466,265.7155919063425,16.08203028160515
Italy,Europe,2023,185.50428912944818,138.49739005921566,235.46067353086508,124.45961863388486,262.6882002856924,16.242850584421202
Italy,Europe,2024,193.25496227638527,143.74657368075938,245.7145579317357,128.02727174687035,271.5565666637229,16.405279090265413
Japan,East Asia,2015,117.91487236675363,87.20728778876926,148.7047828151811,76.72044973591571,164.30415649432138,10.0
Japan,East Asia,2016,124.12144323010185,91.95059593205393,157.29051825017984,82.34988685942791,175.1413331730335,10.1
Japan,East Asia,2017,127.01273206942531,95.72965590942025,160.9992259727774,84.9638855358499,178.0771325443925,10.201
Japan,East Asia,2018,120.47360459040158,90.14149758314721,154.04348570506332,80.2311804091623,168.6538000961718,10.30301
Japan,East Asia,2019,128.2557089073842,96.4621742655089,161.79151694218658,85.57519191110438,178.9500858756618,10.4060401
Japan,East Asia,2020,130.92136874226998,98.4277897773735,165.85205584219804,87.83294423146351,181.8725355197341,10.510100501000002
Japan,East Asia,2021,130.46685592841908,97.7659349110924,166.3564952822815,86.5766701207488,183.56133826390095,10.615201506010001
Japan,East Asia,2022,132.9728196969769,98.98246931441838,169.25346400266082,88.66866107468394,185.8084007294226,10.7213535210701
Japan,East Asia,2023,141.52316508694082,105.56602020104252,178.89297812346072,93.90031790804625,196.69300461443373,10.828567056280802
Japan,East Asia,2024,134.65077573278603,101.17820842795464,172.64750188448232,90.48159628639193,192.1989132907703,10.93685272684361
Jordan,Arab World,2015,1448.630381310671,1092.811594381257,1862.1586127796309,963.6681238493263,2074.025578992194,120.0
Jordan,Arab World,2016,1469.142461922751,1106.8129427078068,1895.3472631637494,977.8346190641693,2093.179022441801,121.2
Jordan,Arab World,2017,1394.7061804889522,1047.7074686089798,1785.7304550921506,924.443221650311,1949.7170291034297,122.412
Jordan,Arab World,2018,1481.3494349967464,1099.8748668844755,1874.37896774399,976.5201015127942,2061.2312717836726,123.63612000000002
Jordan,Arab World,2019,1416.791543613394,1063.911155631309,1798.078693152014,941.5583957722437,1990.9215852834504,124.87248120000001
Jordan,Arab World,2020,1456.2573849000855,1089.491602051507,1858.1651709897333,974.8208190967127,2045.2721340000496,126.12120601200002
Jordan,Arab World,2021,1421.8247070156863,1060.9724157838234,1806.6593765559219,945.4631109807609,2001.5160351635923,127.38241807212002
Jordan,Arab World,2022,1423.6270035435714,1060.7336983814973,1832.2181125516886,948.4905134268162,2002.0247615594192,128.6562422528412
Jordan,Arab World,2023,1432.3758856907662,1068.456220383239,1813.4940259982948,944.2362059766435,2007.9166272570121,129.94280467536962
Jordan,Arab World,2024,1398.4994668652835,1044.5026148004006,1786.460521663468,937.5323928175195,1972.6512159728725,131.2422327221233
Kazakhstan,Central Asia,2015,147.63406073176856,109.13134193149203,188.33578654502955,97.43739860636589,210.6737300693883,15.0
Kazakhstan,Central Asia,2016,152.6829365234023,113.95901679127964,195.58779136403086,102.02899573526646,215.6383022372444,15.450000000000001
Kazakhstan,Central Asia,2017,174.7300783809972,131.22027603920483,222.61971047301782,116.23628583101927,246.0527224403907,15.913499999999999
Kazakhstan,Central Asia,2018,193.41527264188952,144.28252376928876,246.3559048391042,128.52829844826604,270.15162453437773,16.390905
Kazakhstan,Central Asia,2019,193.7149988352018,144.69060734191063,245.73088771853324,128.85161407742015,270.47140547673746,16.882632150000003
Kazakhstan,Central Asia,2020,211.89242839340733,158.04979081302903,270.503810532765,139.84697093548706,294.05744747151374,17.3891111145
Kazakhstan,Central Asia,2021,216.45594246870917,162.0277146384919,274.61470568241714,144.22834792320864,304.73759576328126,17.910784447935
Kazakhstan,Central Asia,2022,232.63726534491485,174.23355161446722,296.33788437926484,153.09563105482437,323.23584067368097,18.448107981373052
Kazakhstan,Central Asia,2023,244.16572512297057,181.9425846478279,309.48295056639967,159.64744895499442,339.43651086645974,19.001551220814246
Kazakhstan,Central Asia,2024,248.94444041345335,185.55917565456824,314.8336600937949,162.95377353236765,344.219300571615,19.571597757438674
Kenya,Sub-Saharan Africa,2015,155.18668713328304,115.70891816207093,199.673373872434,103.19388152274692,217.8638031189146,20.0
Kenya,Sub-Saharan Africa,2016,167.8232588678371,125.99968989038149,213.0648712395282,112.13883697160566,236.11150612277243,20.6
Kenya,Sub-Saharan Africa,2017,184.2108595840062,137.26532483175177,234.44073604356714,122.16229102138742,259.49392019006416,21.218
Kenya,Sub-Saharan Africa,2018,195.41559857059733,146.1765008771431,248.72141605570343,130.35139026737878,275.24873878385034,21.85454
Kenya,Sub-Saharan Africa,2019,218.1587450944503,164.42141967814104,281.35048304898237,146.59878430989346,308.07118158458184,22.510176200000004
Kenya,Sub-Saharan Africa,2020,244.24156640862498,183.32359833294313,313.5825668674842,165.03465861194218,342.624054881061,23.185481486
Kenya,Sub-Saharan Africa,2021,240.19938756380913,180.67170089316534,307.39466452272717,159.62825997319914,339.01849151654994,23.88104593058
Kenya,Sub-Saharan Africa,2022,238.79007719389028,179.70601027078584,305.7163664835908,160.5565745115359,338.9332581272083,24.597477308497403
Kenya,Sub-Saharan Africa,2023,246.90686298230443,183.6334762649264,312.33747891729286,163.96568803557506,343.55057973553977,25.335401627752326
Kenya,Sub-Saharan Africa,2024,239.18294299704797,178.2393890488202,305.7568890434342,158.4386314871708,341.6802799983572,26.0954636765849
Kyrgyzstan,Central Asia,2015,93.88987168295102,69.63387964856689,118.66327605418795,61.89509004320397,131.93202352798767,10.0
Kyrgyzstan,Central Asia,2016,102.31554360314084,75.81454996911594,129.3034718002356,67.66419665852611,142.14100948964818,10.4
Kyrgyzstan,Central Asia,2017,114.94965114201614,86.11254240929398,145.73469667732604,76.3565582888394,159.43938084921578,10.816
Kyrgyzstan,Central Asia,2018,133.19127051557854,99.68308228996526,168.5265145290993,89.31589847849419,185.1441114110096,11.248640000000002
Kyrgyzstan,Central Asia,2019,139.92099213130084,104.61265431069127,178.60171575116942,92.4182783214738,195.41781240515414,11.698585600000001
Kyrgyzstan,Central Asia,2020,152.4014332526272,113.79764591548734,193.12376279561568,100.15158076060032,213.23661096009923,12.166529024
Kyrgyzstan,Central Asia,2021,161.4075756461539,119.94756356738606,204.14393833395255,107.38384901005026,223.5323653850371,12.653190184960003
Kyrgyzstan,Central Asia,2022,168.74370948195326,125.88398863169783,214.5563422486498,112.49638931626919,237.37103324840493,13.159317792358403
Kyrgyzstan,Central Asia,2023,166.77681125091604,124.89433874174021,213.62481047231202,112.33239038725245,232.64243828541808,13.685690504052738
Kyrgyzstan,Central Asia,2024,171.63340249434128,129.36086498827285,219.35877407366715,114.65825018561469,247.29792532109403,14.23311812421485
Lebanon,Arab World,2015,1062.8629000846217,796.6108399896527,1368.111903486316,707.3048143920653,1536.0063968554214,80.0
Lebanon,Arab World,2016,1030.9316213057111,771.4654397377928,1304.3846153112208,686.7867009645724,1454.931572586037,79.2
Lebanon,Arab World,2017,1007.5044371858779,756.4035318922088,1271.9277002396398,672.5728513176431,1395.9245692356894,78.408
Lebanon,Arab World,2018,982.1423939554711,735.1851094774828,1242.0183546553785,650.3688429085388,1368.6453783406907,77.62392
Lebanon,Arab World,2019,942.2054793947664,701.9585999449947,1192.0458874474828,630.2758700149924,1299.562040873078,76.84768079999999
Lebanon,Arab World,2020,923.2963734285192,695.1639729496375,1170.283767311379,614.829217752929,1286.8596929327373,76.07920399199999
Lebanon,Arab World,2021,886.4198480775747,663.768256735804,1115.0977677622036,589.2228130028648,1233.5172811668078,75.31841195208
Lebanon,Arab World,2022,870.9608737591223,655.1861716877339,1109.3586116402864,573.1475373968535,1230.7426064629792,74.56522783255919
Lebanon,Arab World,2023,825.9183994463742,616.9219508741621,1043.5652796052107,543.7347657577825,1139.9750717987588,73.81957555423361
Lebanon,Arab World,2024,798.4131446448615,595.189963506551,1015.9006825198751,533.7570981487268,1146.2497498613282,73.08137979869127
Malaysia,Southeast Asia,2015,257.6483884951151,191.30279534167548,328.994968647862,172.079173538405,364.8292155249993,25.0
Malaysia,Southeast Asia,2016,272.29581678535504,205.58702485415282,344.57638171601536,181.90566359841284,378.7193016480405,25.5
Malaysia,Southeast Asia,2017,295.02996669412045,220.9540060854478,374.0333061259091,196.4657823351393,411.6048347968337,26.009999999999998
Malaysia,Southeast Asia,2018,275.84121347285907,206.78575776094732,350.58805279907074,183.50553523278052,380.73890723718574,26.530200000000004
Malaysia,Southeast Asia,2019,267.11175670602853,200.8203780008939,339.9158064331728,176.84360112456397,374.60682905820096,27.060804
Malaysia,Southeast Asia,2020,285.52330772323853,215.56458493509567,363.87746964932865,191.92373579903696,398.4953489558029,27.60202008
Malaysia,Southeast Asia,2021,290.3184326279991,219.62015707060254,368.03138928949335,195.78250195010168,409.7435548683232,28.154060481600002
Malaysia,Southeast Asia,2022,300.647852620069,226.09146428937896,382.89513412361725,200.6694983704578,417.34092472867707,28.717141691232
Malaysia,Southeast Asia,2023,308.9303172437306,231.99110790085507,391.03011979001656,207.43970149184602,430.4968806664042,29.291484525056642
Malaysia,Southeast Asia,2024,307.97223426247115,230.94987239645374,394.6219806879962,205.71821321058596,431.00809111474655,29.877314215557778
Morocco,Arab World,2015,447.7625325416923,332.8340655734378,572.3156855405756,292.13369676382644,633.1185181568267,40.0
Morocco,Arab World,2016,449.87873597786825,334.5420158094956,574.0563501793812,299.3286192315408,628.384026801861,40.8
Morocco,Arab World,2017,454.63372622831076,340.0966660229069,578.9679571381082,303.5377081420721,636.4198703983811,41.616
Morocco,Arab World,2018,453.0811799993663,339.2636345256404,574.9930113016102,301.37845556637006,627.0463229300105,42.44832000000001
Morocco,Arab World,2019,470.02298410460685,352.1182760762687,598.3848973927711,312.9370378502828,647.0719824941029,43.2972864
Morocco,Arab World,2020,506.61713589003085,375.67473020904976,641.3335444145266,334.5134758007648,690.9478287211807,44.163232128000004
Morocco,Arab World,2021,534.1755032259282,401.8203311775213,679.7540008223257,353.40024863150944,742.9764849067702,45.046496770560005
Morocco,Arab World,2022,538.9388626185741,405.30990664443567,686.6854367458176,359.6275162980154,751.1571364050523,45.9474267059712
Morocco,Arab World,2023,550.4756185188428,410.5519758207017,700.0328181985456,367.04084519684557,764.7606854195891,46.86637524009063
Morocco,Arab World,2024,550.0085982615042,409.51969433333755,701.9011977035531,371.47593186555815,770.9789295231793,47.80370274489244
Myanmar,Southeast Asia,2015,102.21985859644674,76.25989428469356,130.95448372403598,67.97462316708497,143.32077247290647,8.0
Myanmar,Southeast Asia,2016,101.78881250712662,75.8066228309876,130.285735372974,67.71068201392214,142.19687809411266,8.16
Myanmar,Southeast Asia,2017,96.80704583774316,72.37164893728823,123.93912967375418,64.63448839163347,135.05826748999124,8.3232
Myanmar,Southeast Asia,2018,101.81752955391761,75.93638021730935,128.83861921522686,67.40066279750023,141.79327446068444,8.489664000000001
Myanmar,Southeast Asia,2019,105.4730972577427,78.54123531563205,134.44121370526784,69.28243493985637,147.45031786719048,8.65945728
Myanmar,Southeast Asia,2020,108.9417848900407,81.3597987876583,137.3267461432709,72.778200239213,152.06843527992982,8.8326464256
Myanmar,Southeast Asia,2021,111.17610381245176,82.19656310313141,140.24176548730028,73.90248705777086,154.17549006937352,9.009299354112
Myanmar,Southeast Asia,2022,110.37755412424818,82.23494412932712,139.4061856635024,73.98372162614267,153.15034297043053,9.18948534119424
Myanmar,Southeast Asia,2023,115.19269803596636,86.33741309608955,145.46410267734205,76.87978396935117,160.80671049960506,9.373275048018126
Myanmar,Southeast Asia,2024,115.73651315632407,86.44840192203988,146.891493326067,76.64375950514454,163.92459468702796,9.560740548978488
Nepal,South Asia,2015,3625.2101225125552,2699.0653553371576,4646.406936444664,2399.3055793729545,5157.378401896424,300.0
Nepal,South Asia,2016,3833.3957987566214,2872.2931668467786,4885.274854726459,2519.561647663676,5363.7382855179185,318.0
Nepal,South Asia,2017,3773.4341444847014,2817.7323310751,4817.404426474388,2496.808737383884,5226.066528183217,337.08000000000004
Nepal,South Asia,2018,3903.027385562662,2916.2739750271567,4968.3765829322965,2588.3034758786553,5534.5252799699165,357.3048
Nepal,South Asia,2019,4082.272093581564,3029.7851239223833,5139.785955293042,2683.2554252296322,5684.416800454003,378.7430880000001
Nepal,South Asia,2020,4678.665403950492,3496.8020679126603,5929.181247211924,3093.4949745184394,6474.8545270276745,401.4676732800001
Nepal,South Asia,2021,4835.684336764187,3626.4172275961005,6141.092963003936,3206.3539519797964,6760.268662624489,425.5557336768001
Nepal,South Asia,2022,4891.703994319669,3659.9116139246626,6202.688048226335,3235.699566123605,6803.864961129793,451.0890776974082
Nepal,South Asia,2023,5409.407643019036,4066.7345108981435,6909.840561243497,3601.031126131325,7720.756059276907,478.1544223592527
Nepal,South Asia,2024,5148.954328770915,3838.7662522607347,6587.535285497244,3447.0779298786306,7381.778999995407,506.84368770080783
Netherlands,Europe,2015,106.78363705338909,79.96606123645334,137.29266740608233,71.12202025925157,152.107613242919,10.0
Netherlands,Europe,2016,111.80950175971384,84.02800686710701,142.83174734286047,74.6088898837452,156.95473538528944,10.2
Netherlands,Europe,2017,114.23224640890902,85.58584744625863,146.61328284339237,76.96949919073451,159.03818401042992,10.404
Netherlands,Europe,2018,111.16236732695805,83.63363646195138,143.59809590693752,74.2204580661302,156.73337009378963,10.612080000000002
Netherlands,Europe,2019,124.02107965966138,93.15532513893315,159.15195470420377,81.80292323754526,175.34481981552202,10.8243216
Netherlands,Europe,2020,118.75601474185984,88.78824943119987,152.39441305208337,78.60526095523785,167.04086269002826,11.040808032000001
Netherlands,Europe,2021,117.3738351444185,87.99522547656468,150.10532698296572,78.0318515303138,165.00001971885794,11.261624192640001
Netherlands,Europe,2022,120.3749448940906,90.02727554493649,154.63256773859754,80.19276477499596,169.34694282915208,11.4868566764928
Netherlands,Europe,2023,128.2709144162986,95.61357139948382,163.91962488642534,85.21751484595737,179.57731496270029,11.716593810022658
Netherlands,Europe,2024,141.03270408046467,105.02317901145739,179.66101011049224,93.97732637093038,198.6850172428063,11.95092568622311
New Zealand,Americas & Oceania,2015,54.27035918445621,40.79745540690259,69.30265817990352,35.850067300075054,76.15555087057436,5.0
New Zealand,Americas & Oceania,2016,52.49872338983212,39.145871206044006,67.01567217423495,34.746403924756926,72.9047313804071,5.05
New Zealand,Americas & Oceania,2017,53.56770655156441,40.37874128392093,68.0217079024777,34.99191055046856,74.83772880623754,5.1005
New Zealand,Americas & Oceania,2018,54.681655433830315,41.198232632552774,68.74172121008884,36.005253419221354,76.3888287670064,5.151505
New Zealand,Americas & Oceania,2019,59.35673853274227,44.452375749759135,75.19135023956837,39.19593294404712,81.40239834844542,5.20302005
New Zealand,Americas & Oceania,2020,62.30745845773089,46.342272320965755,79.41116702614009,41.22833512061505,86.50158021531595,5.255050250500001
New Zealand,Americas & Oceania,2021,63.44302475714272,47.11226745659838,80.69536263460094,42.12370543892642,88.01653641858718,5.3076007530050004
New Zealand,Americas & Oceania,2022,58.80010351121796,43.88375996730851,74.78878875854298,38.73576546734523,82.51761661970598,5.36067676053505
New Zealand,Americas & Oceania,2023,57.93390277277748,42.984020289344954,73.45394248807595,37.86254565320829,80.97202790686356,5.414283528140401
New Zealand,Americas & Oceania,2024,54.47620473966134,40.542281058377164,69.88019877591671,35.51452666920718,77.16007728624143,5.468426363421805
Nigeria,Sub-Saharan Africa,2015,191.7111931579011,142.92145605355327,246.26143187721533,128.2161053979732,271.45166072706377,25.0
Nigeria,Sub-Saharan Africa,2016,199.93757683579446,149.8345815076355,254.68522539746417,134.91761093735295,277.9716058856365,26.0
Nigeria,Sub-Saharan Africa,2017,224.65805746935422,167.6146978157438,284.60027444107124,149.90567430041855,311.5239283935597,27.040000000000003
Nigeria,Sub-Saharan Africa,2018,227.28704059018565,169.83499619862266,292.03006122477296,151.9798809158033,319.39444374237513,28.1216
Nigeria,Sub-Saharan Africa,2019,254.93226098594647,191.9615071746313,324.88312559278506,169.04630585438358,354.48573689115256,29.246464000000007
Nigeria,Sub-Saharan Africa,2020,276.76104094823427,204.73242174350207,353.37167219228184,182.55366984512895,383.09444428050455,30.416322560000005
Nigeria,Sub-Saharan Africa,2021,286.6710306083636,215.05055999869086,363.74167446330114,191.7929845345919,400.9603466267139,31.632975462400008
Nigeria,Sub-Saharan Africa,2022,312.77293930473854,234.21925592925888,402.3423616154513,212.04184886608118,440.2243718242853,32.898294480896006
Nigeria,Sub-Saharan Africa,2023,357.6120576365874,267.2479514992427,455.73092519201685,239.9001920327658,507.07258746489083,34.214226260131845
Nigeria,Sub-Saharan Africa,2024,315.9050632676433,234.03995000605238,407.57984468006185,207.6312988156161,448.1787246010198,35.58279531053712
Pakistan,South Asia,2015,13765.706583696745,10202.501559805334,17640.413832245387,9132.999779560872,19634.901869619225,1200.0
Pakistan,South Asia,2016,14367.673065006726,10734.527474258735,18262.19128594468,9522.603724448003,20127.993226589988,1224.0
Pakistan,South Asia,2017,13335.549393911255,9983.593921123706,16915.580128430163,8820.211569012541,18658.921188874792,1248.48
Pakistan,South Asia,2018,13488.99912605097,10021.57729661119,17075.45811928216,8970.145643407332,18704.061223203895,1273.4496000000001
Pakistan,South Asia,2019,14397.934404729454,10690.734688957222,18151.24509544814,9544.859055914327,19813.880200460102,1298.918592
Pakistan,South Asia,2020,14986.202630290154,11233.496830494767,19022.47409381941,9956.496648621254,20663.940854258082,1324.8969638400001
Pakistan,South Asia,2021,14994.471391331354,11241.332458988065,18989.669601085498,10006.37134058244,21072.248651498645,1351.3949031168002
Pakistan,South Asia,2022,15986.941561644,11985.489761997816,20275.9821294651,10523.436847714043,22255.923050815905,1378.422801179136
Pakistan,South Asia,2023,16902.089432126093,12834.208923985103,21529.143603209162,11293.871760221384,23526.94964010665,1405.991257202719
Pakistan,South Asia,2024,16363.716783266445,12267.58968570959,20857.13665917839,10869.104718261156,23269.83940531561,1434.1110823467732
Palestine,Arab World,2015,546.7233495983035,406.21277564416135,700.4080987548638,360.25966673115596,773.1414582276138,50.0
Palestine,Arab World,2016,527.4689992407386,393.84656500514376,668.4249276701066,343.3760509733405,737.2888059632833,50.5
Palestine,Arab World,2017,535.3541583790217,401.3749548308777,686.0271161904521,351.96249469179037,749.9814216789271,51.005
Palestine,Arab World,2018,576.2670484931729,431.415239179139,739.3507936569016,384.1488429467742,804.4680830287905,51.51505000000001
Palestine,Arab World,2019,572.7328607878134,429.91674866260485,732.8637049015689,380.9504379493556,812.1621181038806,52.0302005
Palestine,Arab World,2020,556.5930321045727,412.970415467078,710.2375618072407,370.083987077996,782.1287767219726,52.550502505000004
Palestine,Arab World,2021,574.4473137457317,428.6408813662189,737.5377032507887,384.36927042551054,803.272038037104,53.076007530050006
Palestine,Arab World,2022,601.1338993775056,448.50945725216974,767.5102905248823,399.7199216982219,852.1542384484089,53.606767605350505
Palestine,Arab World,2023,634.6920648263141,473.4458038312573,808.787901948793,418.82497382766843,890.8425347169131,54.14283528140401
Palestine,Arab World,2024,662.3080983756035,490.8562743915283,851.5255897174493,433.92891861611906,946.0546979934973,54.68426363421804
Philippines,Southeast Asia,2015,5582.147069820678,4138.29451926964,7091.934719640943,3715.5247726099537,7876.590877293512,480.0
Philippines,Southeast Asia,2016,5562.537307331464,4123.379924695903,7041.531361209772,3685.873791088057,7702.174738264498,494.40000000000003
Philippines,Southeast Asia,2017,5673.373669939189,4244.6847382362575,7149.493221510511,3761.9543797019965,7895.8993917764765,509.23199999999997
Philippines,Southeast Asia,2018,5602.847164240546,4184.487723358887,7025.2742691555395,3700.658832112615,7779.350451311893,524.50896
Philippines,Southeast Asia,2019,5452.468296072538,4094.476063971417,6883.520181889048,3629.8170182436083,7556.380496489762,540.2442288000001
Philippines,Southeast Asia,2020,5744.847714860103,4286.87280132913,7352.02169740553,3810.55133731737,8014.504602326309,556.451555664
Philippines,Southeast Asia,2021,6189.047363869367,4636.104896942495,7868.248528106396,4106.523979478048,8638.094969891872,573.14510233392
Philippines,Southeast Asia,2022,6909.172167200348,5121.333681254645,8726.628710021698,4524.403536474175,9826.809548544703,590.3394554039377
Philippines,Southeast Asia,2023,6722.402856068715,5000.043864570984,8561.388534096444,4537.846723940535,9465.43693182738,608.0496390660559
Philippines,Southeast Asia,2024,6326.33276722149,4703.027697565083,8112.1276641074255,4222.46198491986,8912.008637044297,626.2911282380376
Romania,Europe,2015,84.79545347509423,63.30771510800112,107.57359519095924,56.03316427856905,119.75501074667056,8.0
Romania,Europe,2016,93.34182565895892,70.09633165885559,117.80642846934666,61.585925860657156,130.29595420492976,8.16
Romania,Europe,2017,81.24796043152602,60.9584235604656,103.97104667278462,54.467401820922824,113.6285805650363,8.3232
Romania,Europe,2018,87.17917860966153,65.30422781081049,111.37635906263621,58.81437744026882,122.8532191291889,8.489664000000001
Romania,Europe,2019,91.48520944168905,68.46328967261016,116.48685164969517,60.88134244585866,128.81035443138325,8.65945728
Romania,Europe,2020,93.95754479172174,70.40459480916604,119.8811849184953,62.73153417010712,130.78846986624626,8.8326464256
Romania,Europe,2021,93.9291692979746,70.21818286754686,119.4895078076035,62.62681268501932,132.10913126776416,9.009299354112
Romania,Europe,2022,95.78314832904327,71.5762911032669,121.26531714133597,63.96810243019572,133.94218845403628,9.18948534119424
Romania,Europe,2023,107.96594742819605,80.74162295971102,136.22352256425205,71.7745264081321,150.9020697611136,9.373275048018126
Romania,Europe,2024,104.89580205230838,78.24598385449885,133.44125721443115,69.811584096101,146.46061688138343,9.560740548978488
Russia,Europe,2015,406.5188327956965,303.6608737164085,521.7469295385919,271.9331795191492,576.0962109207306,35.0
Russia,Europe,2016,435.68610614338724,326.3118516985595,554.3485940170158,291.40663135068723,606.0079585514659,35.35
Russia,Europe,2017,439.633561854462,330.20069312162695,561.5193623911068,291.3015928080117,614.3477980053793,35.7035
Russia,Europe,2018,452.0412303663639,339.82727355847396,578.4982791932244,300.3564544246684,631.0167715651073,36.060535
Russia,Europe,2019,446.37178103239387,337.80805416595496,571.9583030647765,299.45073343419705,627.9525972564292,36.42114035
Russia,Europe,2020,424.794806309582,315.7420232572928,542.6872753948904,286.1806582215766,595.3668159104637,36.7853517535
Russia,Europe,2021,431.838882663277,324.2636005558592,545.5142503792538,288.85021433761233,603.7080056027393,37.153205271035006
Russia,Europe,2022,425.4419017851947,318.7495624649455,544.9958453815362,284.46819219513003,599.3280339822936,37.52473732374535
Russia,Europe,2023,446.04219462392734,333.08162036025516,567.6123738699822,299.5070886518382,623.5777767666514,37.899984696982806
Russia,Europe,2024,431.2796353235626,324.5870823238694,557.9454114598971,287.2927609768931,610.3237880826471,38.27898454395263
Senegal,Sub-Saharan Africa,2015,33.92988123195066,25.16037201248383,43.46985333547587,22.700907955655047,47.90598871581841,3.0
Senegal,Sub-Saharan Africa,2016,35.09365519677224,26.42086369650916,44.71059841075032,23.548781478475643,48.79409357273909,3.09
Senegal,Sub-Saharan Africa,2017,36.430861102706885,27.058123768287665,46.29731212330841,23.99427997049537,50.98210611179418,3.1826999999999996
Senegal,Sub-Saharan Africa,2018,32.86994179596128,24.456357162373383,41.66912884769756,21.68944572822975,45.73365561761518,3.278181
Senegal,Sub-Saharan Africa,2019,33.51730643041445,25.154212822227713,42.623389793281795,22.036126231886772,46.596160340959564,3.37652643
Senegal,Sub-Saharan Africa,2020,35.05142030299592,26.39714290806709,44.932740458429556,23.232863159152465,48.883909588429084,3.4778222229000004
Senegal,Sub-Saharan Africa,2021,36.68436981617734,27.520512005702567,46.4575267804907,24.063082412389054,51.22297919757055,3.5821568895870004
Senegal,Sub-Saharan Africa,2022,38.87516446721867,29.08814607437712,48.985655411352205,25.656593115548688,53.829549945390795,3.689621596274611
Senegal,Sub-Saharan Africa,2023,42.76364692069579,32.07889853110141,54.5079143457347,28.44130121420454,60.0698032796072,3.800310244162849
Senegal,Sub-Saharan Africa,2024,39.83599393619657,29.727043352122987,50.51798169515253,26.487005159393387,55.668438389999864,3.9143195514877345
Somalia,Sub-Saharan Africa,2015,351.9628983997529,260.7463073742005,446.61876022737727,235.56244330278201,492.50316767834187,30.0
Somalia,Sub-Saharan Africa,2016,313.05898757016803,233.95641934291913,401.1141572645549,209.01614971349352,431.6798010034311,30.900000000000002
Somalia,Sub-Saharan Africa,2017,326.8049297928503,244.62694946604023,414.44669751140833,217.86033414183674,451.53247141813785,31.826999999999998
Somalia,Sub-Saharan Africa,2018,366.04511808004713,272.7005811314472,464.73636378680857,242.7055437707443,507.18923074755423,32.78181
Somalia,Sub-Saharan Africa,2019,341.7592934233811,255.72857746288574,428.84105655896445,228.0796945466,472.46256804786685,33.765264300000005
Somalia,Sub-Saharan Africa,2020,359.6063947295648,267.6353814636854,455.72622101168344,240.362194638508,501.0473027612076,34.778222229
Somalia,Sub-Saharan Africa,2021,373.76186037263693,280.56155398563317,475.1317199924861,249.75429515460166,523.9976526699859,35.82156889587
Somalia,Sub-Saharan Africa,2022,426.0024973322091,317.0644485829266,545.8137077160858,280.3855119469909,594.2186304365758,36.896215962746105
Somalia,Sub-Saharan Africa,2023,421.444623223079,316.1825012296963,540.1905331177923,279.0533523697068,590.5960949688879,38.00310244162849
Somalia,Sub-Saharan Africa,2024,415.2923781698803,310.9040633896326,541.2395892551322,274.8020830585492,596.9960281112756,39.14319551487735
South Korea,East Asia,2015,260.00690715059415,194.13877023549875,332.9671971663275,172.8274997293034,370.47371281900797,25.0
South Korea,East Asia,2016,275.235113057484,205.8823567343662,349.0841315381311,182.3026733792642,383.0382336974818,25.5
South Korea,East Asia,2017,308.3300585501052,230.6493543372544,389.93457324654054,203.44902095414798,427.4436823365631,26.009999999999998
South Korea,East Asia,2018,313.02270993707725,234.11517090034732,395.5975399648725,208.3073860429141,432.6588241845927,26.530200000000004
South Korea,East Asia,2019,321.4291638575968,237.084282575324,407.23323089588655,212.56463353451107,444.9028898384823,27.060804
South Korea,East Asia,2020,340.0413285711107,254.12877119661263,428.9944677361399,225.98010465953067,476.1464531118938,27.60202008
South Korea,East Asia,2021,341.7334842717113,257.14177339953557,433.77099770849026,225.622680483468,477.7134338353462,28.154060481600002
South Korea,East Asia,2022,344.8013741463693,259.7720737096679,442.18657409161654,229.6875334796857,489.9277202263705,28.717141691232
South Korea,East Asia,2023,347.00037185757685,258.54870899965624,443.3054356263686,232.2921980992556,490.60325116247327,29.291484525056642
South Korea,East Asia,2024,355.0752933176242,266.1871622311368,457.1153451130081,237.66272802579593,503.8561605992405,29.877314215557778
Spain,Europe,2015,117.21185304275821,88.23379834927147,150.25073645863188,77.9177946156997,165.51234738105788,10.0
Spain,Europe,2016,123.86661485404204,92.8386907495154,157.68906856201718,82.46720454435136,174.34812390482625,10.1
Spain,Europe,2017,122.76277071108294,91.79015381897833,159.34001601634074,81.94260018989274,173.12521848410083,10.201
Spain,Europe,2018,127.46836796182184,95.97385688270954,164.07021718386133,84.10351007439084,180.5738215684602,10.30301
Spain,Europe,2019,126.43401915185007,93.81103944169416,161.37054150170994,84.25100623832166,176.07559169849026,10.4060401
Spain,Europe,2020,133.98520959279261,100.65994266403042,170.12232899501652,89.96102321822102,187.33827350735896,10.510100501000002
Spain,Europe,2021,140.68034015428913,105.57629110542196,178.1496859465181,93.90378399986085,195.07875637377725,10.615201506010001
Spain,Europe,2022,144.17723246483274,107.47910530350613,182.84052583095374,95.93282180589364,199.03845558632668,10.7213535210701
Spain,Europe,2023,139.97504307370224,104.44870769154741,177.58204308119545,92.32795650650996,195.39620266432374,10.828567056280802
Spain,Europe,2024,139.26765866531625,103.26406643196322,177.4733030265267,92.21732520756737,196.37377524269596,10.93685272684361
Sri Lanka,South Asia,2015,2601.9916200586395,1973.3747126159349,3383.754434620793,1733.5083707603305,3749.203789385176,200.0
Sri Lanka,South Asia,2016,2561.738605310065,1934.437971123462,3275.7504406584426,1718.0875857935587,3633.7935600192786,202.0
Sri Lanka,South Asia,2017,2477.2919018756215,1860.3824301587913,3139.1215299009536,1647.6259989889736,3495.924119479454,204.02
Sri Lanka,South Asia,2018,2283.581771821132,1705.4963216454173,2922.692900923864,1520.035958806824,3227.055213766938,206.06020000000004
Sri Lanka,South Asia,2019,2376.897761249328,1767.9880596993562,3047.5661234273657,1583.6723453428979,3347.169758195469,208.120802
Sri Lanka,South Asia,2020,2393.3535078227205,1799.851969635607,3081.5229565149907,1603.0111239552516,3358.3894342293747,210.20201002000002
Sri Lanka,South Asia,2021,2390.7522475465626,1785.936304092598,3032.877865120367,1597.6428942918483,3319.079346258634,212.30403012020003
Sri Lanka,South Asia,2022,2441.3814286389993,1813.2770993538134,3103.7876037169517,1624.2764403409626,3393.0436524884262,214.42707042140202
Sri Lanka,South Asia,2023,2353.4357314933713,1744.517240841691,2978.4119643761665,1556.3368812171393,3287.2212833640806,216.57134112561604
Sri Lanka,South Asia,2024,2284.3727074275102,1703.5902129402823,2918.9759672644086,1509.293660416866,3217.4564956108948,218.73705453687217
Sudan,Arab World,2015,578.0286750119687,429.57636896214814,742.4446646136133,383.1888777386735,815.4110284191015,50.0
Sudan,Arab World,2016,617.3958018380667,461.8815055111382,790.4685680942785,411.56384877304134,865.162599744222,51.5
Sudan,Arab World,2017,597.4204186512432,447.17366325072993,763.1590024522609,400.14591002036946,839.226311786575,53.044999999999995
Sudan,Arab World,2018,606.4683481685154,450.3951128172198,763.9459563382717,400.4200285388515,841.2121643217397,54.63635
Sudan,Arab World,2019,631.7647881544453,473.17976053266756,805.4625234835283,417.92415980885096,876.8595381248226,56.27544050000001
Sudan,Arab World,2020,628.5517459253615,469.5754663383915,792.8470183927097,415.9653033236917,876.2172986188551,57.963703715
Sudan,Arab World,2021,630.8231167007698,468.79749872570625,795.5535524873998,417.5097220995515,875.810403860334,59.70261482645001
Sudan,Arab World,2022,666.0415882629164,501.4080516244344,852.4014093894,445.40921533368436,926.1683202981749,61.49369327124351
Sudan,Arab World,2023,697.4938555338643,519.8708439682214,889.6016100613217,457.1145611469591,988.6042046941676,63.33850406938082
Sudan,Arab World,2024,766.5977901941171,567.8507468390741,978.1916895865863,508.22511002238315,1085.9216694128447,65.23865919146225
Syria,Arab World,2015,1233.6291880493845,920.7578134431817,1587.0668187202766,825.8883992634641,1739.3218231851804,100.0
Syria,Arab World,2016,1187.6029269522946,887.0042278375344,1511.8618090219531,796.8373394522496,1657.7053667084838,103.0
Syria,Arab World,2017,1178.0924825558377,879.1194618986733,1495.9794259826426,784.7675206606308,1654.1048535329007,106.08999999999999
Syria,Arab World,2018,1322.3096394781,999.0994952106194,1697.6212288446015,896.4780345556308,1861.170243300492,109.2727
Syria,Arab World,2019,1410.5986947606302,1055.7774777982524,1789.4733734470474,936.6054790457334,1989.140235706415,112.55088100000002
Syria,Arab World,2020,1441.2590879576996,1074.7262571190568,1826.3975901698705,961.5604616927827,1997.7841363579505,115.92740743
Syria,Arab World,2021,1396.340543800905,1032.1285907925635,1764.3478609373153,921.7153895524756,1941.5644620177013,119.40522965290002
Syria,Arab World,2022,1473.1724058072384,1103.3946470796523,1882.29676427599,989.2852598496745,2063.4925397246193,122.98738654248702
Syria,Arab World,2023,1635.9793302896137,1226.8671146169995,2071.3908792710267,1099.9829494423607,2293.733107301622,126.67700813876164
Syria,Arab World,2024,1650.3810701449288,1226.6109435971919,2098.207406914544,1092.952848193868,2335.3892246106097,130.4773183829245
Tajikistan,Central Asia,2015,219.32649307535482,162.48678883975114,278.56678882302765,144.16437706346457,310.1274984409202,25.0
Tajikistan,Central Asia,2016,235.0314770621114,173.98619735118052,297.86283200254024,155.60597394193286,324.768344140004,26.5
Tajikistan,Central Asia,2017,277.406070827113,206.2673677960095,353.69096397493286,185.5099840547674,388.5327523297637,28.090000000000003
Tajikistan,Central Asia,2018,298.9322513703911,223.8105905730033,383.15778685040334,199.26579988095855,416.7546922433072,29.7754
Tajikistan,Central Asia,2019,332.6583908115907,248.6387983680912,418.3279394036358,218.84135616998222,460.24205574511353,31.56192400000001
Tajikistan,Central Asia,2020,351.1990903126788,262.90237662530876,444.0672756643344,230.8057727556568,488.5330959480044,33.455639440000006
Tajikistan,Central Asia,2021,367.5942509811981,275.57785659914566,467.12587540703805,243.5304154774379,512.3744526373229,35.46297780640001
Tajikistan,Central Asia,2022,386.7645168886569,287.327546951146,489.143228615855,256.48381409560153,537.3560082812761,37.590756474784015
Tajikistan,Central Asia,2023,421.8249002041527,316.0693938804354,538.1246934558642,281.42583083912615,591.3505370787453,39.846201863271055
Tajikistan,Central Asia,2024,463.0424597375883,341.9664988885641,588.8148618999488,307.61858114483437,656.4751555567697,42.23697397506732
Tanzania,Sub-Saharan Africa,2015,42.062597040338716,31.23373949665115,53.314855985947545,27.426395002501057,60.169135741305176,5.0
Tanzania,Sub-Saharan Africa,2016,47.03133061974134,34.87121615544971,59.223841959466306,30.9173874540333,65.52552496750269,5.15
Tanzania,Sub-Saharan Africa,2017,52.13117407847677,38.79512753488071,66.11062225478692,34.810713130514955,73.04275944070582,5.3045
Tanzania,Sub-Saharan Africa,2018,58.86529043961371,43.874284420200475,74.27368267212215,38.94837780585556,81.66874356609998,5.463635
Tanzania,Sub-Saharan Africa,2019,58.260904239266594,43.59532369147762,74.23482562742976,38.29357816219975,80.51289110215282,5.627544050000001
Tanzania,Sub-Saharan Africa,2020,61.06349192432613,45.442789753044146,77.8313589726266,40.46677383057046,83.87026542041416,5.7963703715
Tanzania,Sub-Saharan Africa,2021,57.84661424502113,43.27730722412057,73.87626492649544,38.545180076315134,80.24652789848253,5.970261482645
Tanzania,Sub-Saharan Africa,2022,60.676408038398606,45.52833722013037,77.737418514389,40.37440092824401,84.50662498953916,6.149369327124351
Tanzania,Sub-Saharan Africa,2023,60.763653755364416,45.67570015277434,77.03255449245468,40.27656434642558,85.801678382342,6.333850406938081
Tanzania,Sub-Saharan Africa,2024,60.79934167092847,45.83392413498453,78.13349616998572,40.526464668878674,86.72338829388117,6.523865919146225
Thailand,Southeast Asia,2015,313.11561550963563,231.5314576887628,397.0563690721896,203.3744725060375,433.8052088129572,30.0
Thailand,Southeast Asia,2016,321.68387114757877,240.1392339484281,408.52317119194555,212.64619758526516,446.1861177641432,30.3
Thailand,Southeast Asia,2017,314.8231255009656,234.22869116398144,399.099872737252,208.2371382182863,432.36100554722225,30.603
Thailand,Southeast Asia,2018,315.5873906884369,236.2626335185878,400.091388437639,210.5781045920771,439.1493253996766,30.909030000000005
Thailand,Southeast Asia,2019,313.6525631445463,235.3133157116309,398.10024965257946,208.5635141399329,436.068080215195,31.218120300000002
Thailand,Southeast Asia,2020,313.8391878456532,234.1165893663559,398.60909056673535,209.74509114437376,433.364444803991,31.530301503000004
Thailand,Southeast Asia,2021,336.4773102659796,250.27739060703828,428.79120550235416,221.88208683152976,469.0618902969808,31.845604518030004
Thailand,Southeast Asia,2022,354.4559514046971,265.24885222032066,455.3072283830757,235.9381074693775,494.3597045382645,32.1640605632103
Thailand,Southeast Asia,2023,370.71591096067925,279.0059757868106,472.0707174091945,244.62534461557843,517.2248724452027,32.485701168842404
Thailand,Southeast Asia,2024,357.67572978336875,264.22446466812767,457.31632258131873,236.51695611718796,500.5132767053025,32.810558180530826
Tunisia,Arab World,2015,225.45155475605085,168.37037043095424,289.4873963702098,150.98589331908505,321.6618417635217,20.0
Tunisia,Arab World,2016,218.35013640678469,161.8349924234929,275.8852880366932,144.5921170482178,306.3930044073967,20.2
Tunisia,Arab World,2017,228.52286124758837,169.9462981533161,289.32862665278924,150.64951233632524,319.10265632660764,20.402
Tunisia,Arab World,2018,234.98779539249415,175.69632791228807,298.071830204282,154.36407956417005,324.74164658536904,20.60602
Tunisia,Arab World,2019,237.91114106565223,177.07904969141563,302.5379905957767,157.65674785243826,330.0091302353061,20.8120802
Tunisia,Arab World,2020,239.53839129573265,178.786505995594,303.536028294425,158.47158910245648,339.6967515760445,21.020201002000004
Tunisia,Arab World,2021,240.29185091554695,180.14582967965023,303.5493364453612,160.2097656056243,345.4463463632543,21.230403012020002
Tunisia,Arab World,2022,237.1780183004469,176.67862419231437,302.05920330002,158.81462344013622,334.3186048895371,21.4427070421402
Tunisia,Arab World,2023,258.357590386987,192.51767554210932,329.04610303674804,171.37429113591105,360.34434929592015,21.657134112561604
Tunisia,Arab World,2024,244.5543290247169,181.2305184967429,313.06922748640284,163.2354350543438,345.149697728906,21.87370545368722
Turkmenistan,Central Asia,2015,47.69396919035617,35.24540520387455,60.561578995076424,31.406212111746353,67.1836354734995,5.0
Turkmenistan,Central Asia,2016,54.17364052463697,40.17236196447412,68.40412869049065,36.0230573239285,74.95275597358624,5.1
Turkmenistan,Central Asia,2017,53.391256417178525,39.98059186331813,68.60866661067136,35.82612995470699,75.02193290361248,5.202
Turkmenistan,Central Asia,2018,56.3057898734598,42.16336485243554,71.74005987401584,37.29827388862558,78.76238414607923,5.306040000000001
Turkmenistan,Central Asia,2019,59.09336982637443,44.285068023490545,75.4238746091357,39.456184586412284,81.8613777383446,5.4121608
Turkmenistan,Central Asia,2020,60.54153664175213,45.32913560426093,77.27321704115397,40.044598322096384,83.40939966549534,5.5204040160000005
Turkmenistan,Central Asia,2021,62.462730753321665,46.77784384997126,79.72628444016797,41.836081791987375,87.5109086317567,5.630812096320001
Turkmenistan,Central Asia,2022,64.48736275540935,48.161060121572355,82.23084378638865,42.89691359152676,90.5143916112933,5.7434283382464
Turkmenistan,Central Asia,2023,69.61294719268088,51.939320375243724,88.47302149495347,45.836136137245184,96.96491289194292,5.858296905011329
Turkmenistan,Central Asia,2024,73.94458386237673,54.9248396927399,94.08246176166823,49.36266707774248,103.34472634835547,5.975462843111555
Uganda,Sub-Saharan Africa,2015,89.34567469964409,67.37203935037397,115.21910204651593,60.152004958778186,128.41281836327744,8.0
Uganda,Sub-Saharan Africa,2016,75.62484616958442,57.019305821495315,96.64887604283297,50.964535973319414,106.02274001081922,8.24
Uganda,Sub-Saharan Africa,2017,80.59278171745535,60.486288184555264,102.44586945640778,53.40940280831189,112.61842662377437,8.4872
Uganda,Sub-Saharan Africa,2018,79.706651530221,59.85608276866166,102.1574747683884,53.09039877382153,113.0739095496334,8.741816
Uganda,Sub-Saharan Africa,2019,86.57531798003562,64.68796768058728,110.80083602425294,58.012515855507836,121.87410097501119,9.004070480000001
Uganda,Sub-Saharan Africa,2020,102.27578220479714,76.36087408524999,131.08524771747497,68.38232042628232,143.94887323384074,9.2741925944
Uganda,Sub-Saharan Africa,2021,99.31997175658269,74.2681475087475,126.86112762947415,65.631952392929,138.99857097264206,9.552418372232001
Uganda,Sub-Saharan Africa,2022,104.81461246522406,78.08225990998218,133.3177255552239,69.75414432105258,146.48109138943715,9.838990923398962
Uganda,Sub-Saharan Africa,2023,112.3360055377766,83.40883624752941,141.713151745772,74.96888176577757,156.29718763249545,10.134160651100931
Uganda,Sub-Saharan Africa,2024,121.35807724957726,90.40166030207638,154.57544328177994,80.66246024920301,171.7771562332457,10.43818547063396
Ukraine,Europe,2015,166.97556649368346,125.77403113638225,213.14211070809762,110.82779152033844,239.79885977177975,15.0
Ukraine,Europe,2016,171.18372034133574,127.38221025990396,218.20349115661338,114.8666983121202,238.9703897267517,15.600000000000001
Ukraine,Europe,2017,182.2315185600693,136.6342740892498,231.43178119732158,119.58660728112963,253.83570106044553,16.224
Ukraine,Europe,2018,194.35713606243013,145.13502206464733,247.82526223882513,128.60631013431276,271.6006959335563,16.872960000000003
Ukraine,Europe,2019,210.1266270369697,156.8590431013968,266.0896986425233,138.53960696915084,291.26484331600994,17.547878400000002
Ukraine,Europe,2020,205.0865369786623,154.1899016597031,261.3760222890221,136.88743717032182,289.2168997626032,18.249793536000002
Ukraine,Europe,2021,207.07022927492397,155.0010205225748,265.0774968184618,138.57041155805186,288.8647190274911,18.979785277440005
Ukraine,Europe,2022,190.4647568628572,142.84119088320145,244.98206722372703,126.61363126096768,266.6749745119066,19.738976688537605
Ukraine,Europe,2023,194.36834954206853,145.32726699991076,247.06457644976393,127.52908795696864,276.35673734617404,20.52853575607911
Ukraine,Europe,2024,209.67342707577262,156.47309461217407,267.5810838413539,138.36176120235217,296.08191867407413,21.349677186322275
United Kingdom,Europe,2015,1367.7658868976528,1025.8281285138578,1746.639503918512,900.0515861840847,1913.6058057260998,120.0
United Kingdom,Europe,2016,1328.2233588547665,996.9145094942604,1683.482099771379,874.5262907961792,1849.3833853244655,121.2
United Kingdom,Europe,2017,1472.1566335872362,1105.73387049957,1859.6837231563782,981.3173786664101,2035.9820176611793,122.412
United Kingdom,Europe,2018,1410.4723705267804,1058.538313526341,1793.3674597641132,938.0242237868829,1951.0730550569517,123.63612000000002
United Kingdom,Europe,2019,1397.1822836534527,1043.4997620008435,1759.0854888399253,924.6068336510903,1943.6587779786191,124.87248120000001
United Kingdom,Europe,2020,1385.8243737846249,1037.2497819476891,1746.2914083763792,914.9772553774276,1945.4075490859818,126.12120601200002
United Kingdom,Europe,2021,1407.3327072723941,1053.5283884678915,1798.300613485645,944.6760644839128,1971.6582124000477,127.38241807212002
United Kingdom,Europe,2022,1539.9759461441968,1146.3884701228885,1939.334136183589,1030.9297284947445,2111.685205434447,128.6562422528412
United Kingdom,Europe,2023,1626.4996223072694,1209.753602714092,2036.8107283122886,1087.4681570332468,2267.3723136254557,129.94280467536962
United Kingdom,Europe,2024,1653.6550315971015,1237.1488353324569,2096.983171861733,1089.9054778344116,2298.633032484559,131.2422327221233
United States,Americas & Oceania,2015,616.4789553338384,459.88320396241244,786.2086463574956,405.6752750231538,853.498001209915,55.0
United States,Americas & Oceania,2016,595.0773431046835,445.74290927824853,759.4405389668276,396.6525880469734,818.8586142430563,56.1
United States,Americas & Oceania,2017,623.8353521808176,470.2109365898212,794.4013919998404,418.99653664150435,869.6577715899713,57.222
United States,Americas & Oceania,2018,645.293194734719,477.4863470335503,820.2995678039667,430.15151718035077,896.2205712522297,58.36644000000001
United States,Americas & Oceania,2019,704.7408726125456,525.9298367985273,902.2671934673405,465.41293876031415,989.655761559381,59.5337688
United States,Americas & Oceania,2020,695.2392578215598,513.2744428491271,883.8976156333003,461.3679265503099,957.6720825965948,60.724444176
United States,Americas & Oceania,2021,698.2853084453285,516.0571665497483,883.1022804222866,460.8609127406727,970.3887638549338,61.938933059520004
United States,Americas & Oceania,2022,714.9065568968956,531.345245269077,908.2975357769092,476.3518183862553,1000.629249560713,63.177711720710406
United States,Americas & Oceania,2023,756.2049919654734,563.1656072451724,959.7643462893155,501.64801202942834,1069.1412829532744,64.44126595512462
United States,Americas & Oceania,2024,716.0909399201391,528.5716418420452,913.9287628087237,470.6130514592097,1010.3206722611869,65.7300912742271
Uzbekistan,Central Asia,2015,406.3146403540949,302.4524786325381,519.9178376713946,270.99566528806827,579.4362667750272,40.0
Uzbekistan,Central Asia,2016,472.72399649700503,356.88565173411655,605.7703882940948,317.3747066427273,670.9319117064383,43.2
Uzbekistan,Central Asia,2017,455.67881069893656,344.5664476634127,579.6912562953452,306.0699559205444,633.9968996826365,46.656000000000006
Uzbekistan,Central Asia,2018,560.5495793542568,421.09033360907114,714.7755190509504,371.95863521299384,790.0829968841992,50.38848000000001
Uzbekistan,Central Asia,2019,576.3895308192413,428.0572521211608,736.4814529115317,380.1435319553282,821.5975951847043,54.419558400000014
Uzbekistan,Central Asia,2020,641.7703323071391,480.2075459321617,817.4368637422609,425.0925278189166,900.4308092604521,58.77312307200002
Uzbekistan,Central Asia,2021,755.0318283277077,564.0851236328143,953.4069113012487,502.6116871699779,1067.4873923943906,63.47497291776002
Uzbekistan,Central Asia,2022,814.9365204409416,606.7945646998966,1032.7857591598404,544.6197113249052,1117.2028204118044,68.55297075118084
Uzbekistan,Central Asia,2023,835.0414267427979,624.3263166922618,1062.2344071626924,555.6510262584918,1166.291879963063,74.0372084112753
Uzbekistan,Central Asia,2024,905.0544046854861,678.2034237600099,1153.3137955101674,602.1047294462606,1268.844205659955,79.96018508417733
Vietnam,Southeast Asia,2015,156.81222464040377,117.35985372493366,201.84912586794874,103.34259925949632,223.88369198380133,15.0
Vietnam,Southeast Asia,2016,157.2084057700127,117.9575024704734,201.89476284528774,105.02177887662793,223.86944333511482,15.450000000000001
Vietnam,Southeast Asia,2017,168.79196428573215,126.14759097462417,216.21703031746378,113.10342547406059,235.74228246117855,15.913499999999999
Vietnam,Southeast Asia,2018,183.0729135260405,137.54409887984292,234.65048683971895,122.041125806682,257.322925709749,16.390905
Vietnam,Southeast Asia,2019,192.31326224189417,144.45602015879524,245.8310385683527,126.35558252624726,270.65097315419945,16.882632150000003
Vietnam,Southeast Asia,2020,208.95392527128968,157.693477558196,267.42348872511604,139.71659548517994,291.23151362999056,17.3891111145
Vietnam,Southeast Asia,2021,228.50867369837334,170.2283361953397,287.47594939717993,150.44912516592143,316.06959618043686,17.910784447935
Vietnam,Southeast Asia,2022,241.0967361140352,179.00700927149978,305.59815171895764,159.56853158843285,333.35274791481197,18.448107981373052
Vietnam,Southeast Asia,2023,251.92757414919095,188.3643693295673,319.42277450644536,167.39732538098139,348.52875410082436,19.001551220814246
Vietnam,Southeast Asia,2024,259.91354274427795,192.3001143343771,332.6031342272637,173.2474985708303,370.3283342849163,19.571597757438674
Yemen,Arab World,2015,946.9947450125455,708.4350426847525,1218.173787087488,628.0464295675948,1360.875133648022,80.0
Yemen,Arab World,2016,962.4420298479265,723.1361923520473,1233.8855481617345,641.5870985059254,1356.7746564767485,81.6
Yemen,Arab World,2017,1008.9750561168332,755.235975111919,1293.32650866449,671.7634915829914,1394.3542762261127,83.232
Yemen,Arab World,2018,1019.8786471351752,767.0128771744062,1306.5828599252454,681.3149347057933,1439.7814656073028,84.89664000000002
Yemen,Arab World,2019,1046.948743594987,792.3107708279018,1326.3549469649006,695.7876279306803,1473.5534730310296,86.5945728
Yemen,Arab World,2020,1022.118630429912,759.0733749138456,1293.854499864866,680.0458345449,1427.277966265405,88.32646425600001
Yemen,Arab World,2021,1099.4028400748434,817.8389430786385,1382.995228351296,725.6655665898163,1545.7250928883368,90.09299354112001
Yemen,Arab World,2022,1093.654474431121,818.7966626339552,1380.1282507804053,725.0540212796674,1503.3409857012682,91.8948534119424
Yemen,Arab World,2023,1113.6798853514292,831.2475148319256,1418.1436452185433,740.243188094077,1541.5199852914266,93.73275048018127
Yemen,Arab World,2024,1155.7787608526266,854.5289540212665,1470.7521739862764,767.9782361388842,1612.2174174733282,95.60740548978488
